,nanl,isonet,nanl_consistency_0.7,nanl_consistency_1.0,node_early,edge_early
aids,0.5936581324441098,0.6754492737748665,0.6909425339502223,0.7314109580705984,0.8178556326231479,0.8252172380341121
mutag,0.6788395111228844,0.6900257501400301,0.7361897055070274,0.7502459334686494,0.8465920616177095,0.8080015433336533
ptc_fm,0.7342901064140179,0.7717702336586731,0.7866071464501476,0.7599595555752943,0.8753237572473789,0.8930566470042318
ptc_fr,0.6917187033369213,0.7206005468802141,0.7270221144419468,0.7205070980338544,0.8296330057432938,0.857083327979807
ptc_mm,0.6865021369668967,0.7232965606134261,0.7446626908456048,0.7156781281424986,0.8501036102751532,0.8498164937112634
ptc_mr,0.7388241868285902,0.7527189296440595,0.7693607800126435,0.7582191373510446,0.8701833637834971,0.8531294631074883
