,temporal_gnn_kt_5_iters_shared_params,temporal_gnn_kt_2_iters_shared_params,temporal_gnn_kt_3_iters_shared_params,temporal_gnn_kt_4_iters_shared_params,temporal_gnn_kt_1_iters_shared_params,node_align_node_loss
ptc_mm,0.8735666275140455,0.8486131738026407,0.8887261080613605,0.8798175510942877,0.8762672016215156,0.8774227457753867
ptc_mr,0.902404925259768,0.862048728791012,0.8929888346840086,0.8998669186178322,0.8387018533772777,0.887089314853602
mutag,0.9059417618037702,0.8917835705040228,0.9228992183911566,0.9040156068472662,0.8904832729657001,0.8750378031578728
ptc_fm,0.9139441021820014,0.852661242923315,0.9030564052936606,0.8934081730334984,0.854945285140268,0.8644912154691063
ptc_fr,0.8967700057018355,0.8332197003720085,0.8797454030972673,0.8833947408419566,0.8612783606485935,0.8305461773667767
aids,0.8823484605241586,0.8399488831620355,0.8476147442977333,0.8766318987586967,0.8290501604468993,0.8820690419171148
