{"Run": 2, "train_loss": 45.48224039003253, "Time": 18.258302688598633, "VAL ap_score": 0.564180047579916, "map_score": 0.5397694582623427, "_timestamp": 1697728230.1894147, "_runtime": 251.32170462608337, "_step": 5, "bestValidation_save_location": "./bestValidationModels/temporal_isonet_kt_1_iters_shared_params_aids_0", "_wandb": {"runtime": 319}}