{"Run": 239, "train_loss": 4.315244749828707, "Time": 14.250407457351685, "VAL ap_score": 0.8997649688001264, "map_score": 0.9142380868933528, "_timestamp": 1697748060.6694603, "_runtime": 19392.692189216614, "_step": 278, "bestValidation_save_location": "./bestValidationModels/temporal_isonet_kt_1_iters_shared_params_aids_0", "_wandb": {"runtime": 19391}}