{"Run": 0, "train_loss": 171.31378339231014, "Time": 15.651068449020386, "VAL ap_score": 0.4306338319682484, "map_score": 0.4401138149495359, "_timestamp": 1697728426.812996, "_runtime": 95.51451182365417, "_step": 1, "bestValidation_save_location": "./bestValidationModels/temporal_isonet_kt_1_iters_shared_params_aids_0", "_wandb": {"runtime": 157}}